55951383115,Todd,Webb,twebbhh@nifty.com,Canada,jcb
19986228252,Cheryl,Martinez,cmartinez7z@hp.com,Poland,jcb
27014939579,Paul,Williamson,pwilliamson5u@ucsd.edu,El Salvador,bankcard
94180401467,Anne,Evans,aevans4t@si.edu,Philippines,diners-club-enroute
76988443128,Russell,Russell,rrussellv@answers.com,Peru,jcb
24281306600,Maria,Pierce,mpiercept@japanpost.jp,China,bankcard
03332376993,Ronald,Hill,rhillo0@adobe.com,Indonesia,jcb
07492780230,Jerry,Lee,jlee1n@nationalgeographic.com,Serbia,switch
19762283299,Arthur,Gomez,agomez7w@ihg.com,Tanzania,diners-club-carte-blanche
47279280359,Arthur,Richardson,arichardsonde@hatena.ne.jp,Philippines,jcb
64482965327,George,Ferguson,gferguson2u@vkontakte.ru,China,diners-club-enroute
76897239799,Stephen,Butler,sbutlerkp@ocn.ne.jp,Indonesia,jcb
29902129398,Juan,Jacobs,jjacobs0@businessinsider.com,Sweden,visa-electron
93800242639,Catherine,Tucker,ctuckerf0@nhs.uk,Slovenia,jcb
99948018497,Judy,Lane,jlane9l@dailymotion.com,China,mastercard
71085142882,Howard,Williamson,hwilliamsono8@prweb.com,Solomon Islands,laser
53846706775,Margaret,Murphy,mmurphyjn@utexas.edu,Russia,mastercard
75764238668,Heather,Pierce,hpierce3v@tinypic.com,Portugal,jcb
33798550857,Brandon,Montgomery,bmontgomery1a@youku.com,Iran,jcb
78820268074,Harold,Harrison,hharrison49@time.com,Tanzania,visa
68971611023,Shawn,Reynolds,sreynolds56@cbslocal.com,Philippines,china-unionpay
18506826040,Steve,Moore,smooreoz@canalblog.com,Indonesia,jcb
97489869318,Jimmy,Romero,jromerokm@cargocollective.com,Russia,china-unionpay
03917120524,Alan,Greene,agreenedl@accuweather.com,China,mastercard
01344390660,Raymond,Ramirez,rramirez8t@slideshare.net,Panama,china-unionpay
04568284157,Walter,Smith,wsmithop@tmall.com,China,jcb
36131112303,Michael,Phillips,mphillipsrl@hp.com,Poland,maestro
66964604605,Linda,Castillo,lcastillom6@bravesites.com,Indonesia,diners-club-enroute
64647306318,Steven,Nichols,snichols1e@nasa.gov,Canada,jcb
97615592688,Debra,Robertson,drobertsonmh@columbia.edu,Indonesia,jcb
38823271668,Jean,Torres,jtorreshh@npr.org,Argentina,bankcard
89685647274,Randy,Gray,rgraypv@biblegateway.com,Russia,diners-club-international
52366157113,Judith,Martinez,jmartineze@elpais.com,Indonesia,jcb
70123085608,Raymond,Davis,rdavisa2@hugedomains.com,Canada,diners-club-enroute
54157805760,Henry,Washington,hwashington3@w3.org,Portugal,instapayment
57634816266,Jane,Bishop,jbishopa7@yellowbook.com,Argentina,jcb
27989947685,Gerald,Miller,gmiller6n@tamu.edu,Mexico,jcb
72022350829,Bruce,Patterson,bpatterson72@ameblo.jp,Thailand,visa
76863571955,Lori,Carroll,lcarrollbg@prlog.org,Philippines,china-unionpay
91994245018,Marilyn,Olson,molson45@aboutads.info,Bulgaria,jcb
98277149131,Jerry,Chapman,jchapmania@si.edu,Venezuela,jcb
64026559946,Harry,Mason,hmasonj3@epa.gov,Indonesia,bankcard
44904866441,Keith,Barnes,kbarnesf3@barnesandnoble.com,Indonesia,bankcard
00418620447,Bonnie,Gibson,bgibsonia@cocolog-nifty.com,Russia,jcb
66136886989,Ernest,Ortiz,eortizhu@statcounter.com,Japan,jcb
70155368003,Heather,Perkins,hperkinsd8@mail.ru,Russia,visa-electron
62824126344,Judy,Gomez,jgomezft@example.com,Poland,laser
21396272554,Kimberly,Wright,kwrightie@weather.com,Cuba,diners-club-international
37430303340,George,Armstrong,garmstrongeh@wsj.com,Benin,jcb
96148757522,Shawn,Montgomery,smontgomeryra@eventbrite.com,Poland,jcb
41062834167,Christopher,Fernandez,cfernandezqo@blog.com,Japan,visa
73330875084,Jean,Murphy,jmurphyo2@surveymonkey.com,Sudan,americanexpress
70649473688,Rebecca,Nguyen,rnguyenaw@omniture.com,France,maestro
44268442208,Martin,Harvey,mharveymp@guardian.co.uk,Russia,americanexpress
84603038347,Lillian,Gilbert,lgilbertkl@over-blog.com,France,americanexpress
93051415347,William,Armstrong,warmstrong5e@squarespace.com,United States,jcb
16054111676,Donna,Hall,dhalle8@meetup.com,China,visa-electron
19475081155,Terry,Lee,tleei6@vistaprint.com,Indonesia,bankcard
82157708424,Charles,Howell,chowelllk@toplist.cz,Russia,jcb
77848206101,Phyllis,Carr,pcarrni@hexun.com,Russia,diners-club-enroute
81982004181,Jack,Hunter,jhunter8v@sphinn.com,Brazil,switch
80824766342,Aaron,Wilson,awilsonqs@creativecommons.org,Paraguay,china-unionpay
09249560939,Gerald,Richards,grichardsdw@infoseek.co.jp,Indonesia,jcb
18219204254,Heather,Martinez,hmartinezjo@w3.org,United States,jcb
19519098233,Michael,James,mjamesre@cdc.gov,China,americanexpress
97937464898,Janice,Fernandez,jfernandez54@flickr.com,Indonesia,jcb
71241565151,Lillian,Riley,lrileyma@acquirethisname.com,South Africa,visa-electron
53849222304,Carlos,Williams,cwilliams9f@noaa.gov,Russia,jcb
35446270526,Julia,Gardner,jgardner4r@washington.edu,Mongolia,jcb
85141023507,Jose,Rodriguez,jrodriguezfs@wired.com,Colombia,diners-club-enroute
11128540017,Harry,Robertson,hrobertson92@businessweek.com,Indonesia,diners-club-carte-blanche
99809090259,Shawn,Green,sgreenre@comsenz.com,Japan,bankcard
00543489380,Lawrence,Fields,lfields8m@cnet.com,Peru,mastercard
41715890256,Tammy,Washington,twashingtonq2@etsy.com,South Korea,jcb
50729623789,Kevin,Wheeler,kwheelerbx@census.gov,Armenia,mastercard
33722671850,Elizabeth,Stone,estonerq@zdnet.com,France,americanexpress
83266482409,Wayne,King,wkingaa@goo.gl,Sweden,jcb
15195143614,Brandon,Bennett,bbennettm1@angelfire.com,Tanzania,mastercard
60175650631,Daniel,Morris,dmorris7k@constantcontact.com,South Africa,jcb
10636689924,Dennis,Carpenter,dcarpenterlq@cbsnews.com,Poland,jcb
00555645547,Raymond,Reid,rreidlr@devhub.com,Colombia,jcb
96713256298,Robin,Payne,rpaynem0@narod.ru,Portugal,jcb
90303542181,Scott,Bowman,sbowman4s@opera.com,Czech Republic,solo
63163196650,Gregory,Lynch,glynchdo@twitter.com,Germany,switch
70108851208,Phillip,Gutierrez,pgutierrez1k@samsung.com,China,americanexpress
32382010191,Russell,Walker,rwalkerkx@cnet.com,Indonesia,jcb
61375871543,Harold,Garza,hgarzajj@fastcompany.com,Peru,mastercard
